-- phpMyAdmin SQL Dump
-- version 5.2.0
-- https://www.phpmyadmin.net/
--
-- Host: 127.0.0.1
-- Generation Time: Jun 30, 2022 at 05:02 PM
-- Server version: 10.4.24-MariaDB
-- PHP Version: 8.1.6

SET SQL_MODE = "NO_AUTO_VALUE_ON_ZERO";
START TRANSACTION;
SET time_zone = "+00:00";


/*!40101 SET @OLD_CHARACTER_SET_CLIENT=@@CHARACTER_SET_CLIENT */;
/*!40101 SET @OLD_CHARACTER_SET_RESULTS=@@CHARACTER_SET_RESULTS */;
/*!40101 SET @OLD_COLLATION_CONNECTION=@@COLLATION_CONNECTION */;
/*!40101 SET NAMES utf8mb4 */;

--
-- Database: `mis`
--

-- --------------------------------------------------------

--
-- Table structure for table `booking`
--

CREATE TABLE `booking` (
  `booking_id` int(10) NOT NULL,
  `customer_id` int(10) NOT NULL,
  `room_id` int(10) NOT NULL,
  `booking_date` timestamp NOT NULL DEFAULT current_timestamp(),
  `check_in` varchar(100) DEFAULT NULL,
  `check_out` varchar(100) NOT NULL,
  `total_price` int(10) NOT NULL,
  `remaining_price` int(10) NOT NULL,
  `payment_status` tinyint(1) NOT NULL
) ENGINE=InnoDB DEFAULT CHARSET=latin1;

--
-- Dumping data for table `booking`
--

INSERT INTO `booking` (`booking_id`, `customer_id`, `room_id`, `booking_date`, `check_in`, `check_out`, `total_price`, `remaining_price`, `payment_status`) VALUES
(1, 1, 5, '2017-11-13 05:45:17', '13-11-2017', '15-11-2017', 3000, 3000, 0),
(2, 2, 2, '2017-11-13 05:46:04', '13-11-2017', '16-11-2017', 6000, 0, 1),
(3, 3, 2, '2017-11-11 06:49:19', '11-11-2017', '14-11-2017', 6000, 0, 1),
(4, 4, 7, '2017-11-09 06:50:24', '11-11-2017', '15-11-2017', 10000, 10000, 0),
(5, 5, 13, '2017-11-17 06:59:10', '17-11-2017', '20-11-2017', 12000, 0, 1),
(6, 6, 9, '2022-06-27 08:44:59', '27-06-2022', '28-06-2022', 400000, 0, 1),
(7, 7, 9, '2022-06-30 10:01:39', '30-06-2022', '01-07-2022', 200000, 200000, 0);

-- --------------------------------------------------------

--
-- Table structure for table `customer`
--

CREATE TABLE `customer` (
  `customer_id` int(10) NOT NULL,
  `customer_name` varchar(100) NOT NULL,
  `contact_no` bigint(20) NOT NULL,
  `email` varchar(100) NOT NULL,
  `id_card_type_id` int(10) NOT NULL,
  `id_card_no` varchar(20) NOT NULL,
  `address` varchar(100) NOT NULL
) ENGINE=InnoDB DEFAULT CHARSET=latin1;

--
-- Dumping data for table `customer`
--

INSERT INTO `customer` (`customer_id`, `customer_name`, `contact_no`, `email`, `id_card_type_id`, `id_card_no`, `address`) VALUES
(1, 'Gilang', 8775566122, 'gilang@gmail.com', 1, '422510099122', 'Pacitan'),
(2, 'Ilham', 9887778878, 'ilham@gmail.com', 1, '422510099122', 'Surakarta'),
(3, 'Linda ', 9887665441, 'linda@gmail.com', 1, '422510099122', 'Sukoharjo'),
(4, 'Putri', 9888755544, 'putri@gmail.com', 1, '422510099122', 'Surakarta'),
(5, 'Hasby', 9887554425, 'hasby@gmail.com', 1, '422510099122', 'Klaten'),
(6, 'Yola Jacinda', 85232675825, 'yola@gmail.com', 1, '422510099122', 'Sukoharjo'),
(7, 'Septa ', 852726762, 'septa@gmail.com', 1, '', 'Sukoharjo');

-- --------------------------------------------------------

--
-- Table structure for table `id_card_type`
--

CREATE TABLE `id_card_type` (
  `id_card_type_id` int(10) NOT NULL,
  `id_card_type` varchar(100) NOT NULL
) ENGINE=InnoDB DEFAULT CHARSET=latin1;

--
-- Dumping data for table `id_card_type`
--

INSERT INTO `id_card_type` (`id_card_type_id`, `id_card_type`) VALUES
(1, 'KTP'),
(2, 'KK'),
(3, 'NPWP'),
(4, 'SIM');

-- --------------------------------------------------------

--
-- Table structure for table `room`
--

CREATE TABLE `room` (
  `room_id` int(10) NOT NULL,
  `room_type_id` int(10) NOT NULL,
  `room_no` varchar(10) NOT NULL,
  `status` tinyint(1) DEFAULT NULL,
  `check_in_status` tinyint(1) NOT NULL,
  `check_out_status` tinyint(1) NOT NULL,
  `deleteStatus` tinyint(1) DEFAULT 0
) ENGINE=InnoDB DEFAULT CHARSET=latin1;

--
-- Dumping data for table `room`
--

INSERT INTO `room` (`room_id`, `room_type_id`, `room_no`, `status`, `check_in_status`, `check_out_status`, `deleteStatus`) VALUES
(1, 2, 'A-101', NULL, 0, 0, 1),
(2, 2, 'A-102', NULL, 0, 1, 0),
(3, 3, 'A-103', NULL, 0, 0, 0),
(4, 4, 'A-104', NULL, 0, 0, 0),
(5, 1, 'B-101', 1, 0, 0, 0),
(6, 2, 'B-102', NULL, 0, 0, 0),
(7, 3, 'B-103', 1, 0, 0, 0),
(8, 4, 'B-104', NULL, 0, 0, 0),
(9, 1, 'C-101', 1, 0, 1, 0),
(10, 2, 'C-102', NULL, 0, 0, 0),
(11, 3, 'C-103', NULL, 0, 0, 0),
(12, 4, 'C-104', NULL, 0, 0, 0),
(13, 4, 'D-101', NULL, 0, 1, 0);

-- --------------------------------------------------------

--
-- Table structure for table `room_type`
--

CREATE TABLE `room_type` (
  `room_type_id` int(10) NOT NULL,
  `room_type` varchar(100) NOT NULL,
  `price` int(10) NOT NULL,
  `max_person` int(10) NOT NULL
) ENGINE=InnoDB DEFAULT CHARSET=latin1;

--
-- Dumping data for table `room_type`
--

INSERT INTO `room_type` (`room_type_id`, `room_type`, `price`, `max_person`) VALUES
(1, 'Single', 100000, 1),
(2, 'Double', 200000, 2),
(3, 'Triple', 400000, 3),
(4, 'Family', 500000, 2);

-- --------------------------------------------------------

--
-- Table structure for table `user`
--

CREATE TABLE `user` (
  `id` int(11) NOT NULL,
  `name` varchar(100) NOT NULL,
  `username` varchar(15) NOT NULL,
  `email` varchar(100) NOT NULL,
  `password` varchar(100) NOT NULL,
  `created_at` timestamp NOT NULL DEFAULT current_timestamp()
) ENGINE=InnoDB DEFAULT CHARSET=latin1;

--
-- Dumping data for table `user`
--

INSERT INTO `user` (`id`, `name`, `username`, `email`, `password`, `created_at`) VALUES
(1, 'admin', 'admin', 'admin@gmail.com', '21232f297a57a5a743894a0e4a801fc3', '2017-11-12 10:04:03');

--
-- Indexes for dumped tables
--

--
-- Indexes for table `booking`
--
ALTER TABLE `booking`
  ADD PRIMARY KEY (`booking_id`),
  ADD KEY `customer_id` (`customer_id`),
  ADD KEY `room_id` (`room_id`);

--
-- Indexes for table `customer`
--
ALTER TABLE `customer`
  ADD PRIMARY KEY (`customer_id`),
  ADD KEY `customer_id_type` (`id_card_type_id`);

--
-- Indexes for table `id_card_type`
--
ALTER TABLE `id_card_type`
  ADD PRIMARY KEY (`id_card_type_id`);

--
-- Indexes for table `room`
--
ALTER TABLE `room`
  ADD PRIMARY KEY (`room_id`),
  ADD KEY `room_type_id` (`room_type_id`);

--
-- Indexes for table `room_type`
--
ALTER TABLE `room_type`
  ADD PRIMARY KEY (`room_type_id`);

--
-- Indexes for table `user`
--
ALTER TABLE `user`
  ADD PRIMARY KEY (`id`);

--
-- AUTO_INCREMENT for dumped tables
--

--
-- AUTO_INCREMENT for table `booking`
--
ALTER TABLE `booking`
  MODIFY `booking_id` int(10) NOT NULL AUTO_INCREMENT, AUTO_INCREMENT=8;

--
-- AUTO_INCREMENT for table `customer`
--
ALTER TABLE `customer`
  MODIFY `customer_id` int(10) NOT NULL AUTO_INCREMENT, AUTO_INCREMENT=8;

--
-- AUTO_INCREMENT for table `id_card_type`
--
ALTER TABLE `id_card_type`
  MODIFY `id_card_type_id` int(10) NOT NULL AUTO_INCREMENT, AUTO_INCREMENT=5;

--
-- AUTO_INCREMENT for table `room`
--
ALTER TABLE `room`
  MODIFY `room_id` int(10) NOT NULL AUTO_INCREMENT, AUTO_INCREMENT=14;

--
-- AUTO_INCREMENT for table `room_type`
--
ALTER TABLE `room_type`
  MODIFY `room_type_id` int(10) NOT NULL AUTO_INCREMENT, AUTO_INCREMENT=5;

--
-- AUTO_INCREMENT for table `user`
--
ALTER TABLE `user`
  MODIFY `id` int(11) NOT NULL AUTO_INCREMENT, AUTO_INCREMENT=4;

--
-- Constraints for dumped tables
--

--
-- Constraints for table `booking`
--
ALTER TABLE `booking`
  ADD CONSTRAINT `booking_ibfk_1` FOREIGN KEY (`customer_id`) REFERENCES `customer` (`customer_id`),
  ADD CONSTRAINT `booking_ibfk_2` FOREIGN KEY (`room_id`) REFERENCES `room` (`room_id`);

--
-- Constraints for table `customer`
--
ALTER TABLE `customer`
  ADD CONSTRAINT `customer_ibfk_1` FOREIGN KEY (`id_card_type_id`) REFERENCES `id_card_type` (`id_card_type_id`);

--
-- Constraints for table `room`
--
ALTER TABLE `room`
  ADD CONSTRAINT `room_ibfk_1` FOREIGN KEY (`room_type_id`) REFERENCES `room_type` (`room_type_id`);
COMMIT;

/*!40101 SET CHARACTER_SET_CLIENT=@OLD_CHARACTER_SET_CLIENT */;
/*!40101 SET CHARACTER_SET_RESULTS=@OLD_CHARACTER_SET_RESULTS */;
/*!40101 SET COLLATION_CONNECTION=@OLD_COLLATION_CONNECTION */;
